chr,start,end,width,n_probes,effect_M,se,z,p_pointwise,theta,probe_start,probe_end,p_fwer_within,p_fwer_naive,stability,effect_450K,se_450K,effect_EPIC,se_EPIC,sign_concordant
4,9783192,9783206,15,4,-0.15444317672542934,0.02616417172351986,-5.9028498344014135,3.5727545041888834e-09,-0.005311789484377951,98954,98957,0.06467661691542288,0.1044776119402985,0.0,-0.06565973437658154,0.0300513553596396,-0.2842054863718516,0.057057187142535784,True
10,128994432,128994644,213,5,-0.16700886102050214,0.029068475762012744,-5.7453601072111455,9.172556476449306e-09,-0.017205971872122687,236911,236915,0.06965174129353234,0.14427860696517414,0.02,-0.14452822694115483,0.03532883916991684,-0.14562198992026357,0.06011320590201656,True
7,27204785,27205114,330,4,-0.12472966152579147,0.02320277699108027,-5.375635061860944,7.631322135411541e-08,-0.0037840561436245585,172570,172573,0.10945273631840796,0.23880597014925373,0.0,-0.15186484986868626,0.030098538704808338,0.003946110918378879,0.03696345962633819,False
20,21686264,21686293,30,4,-0.15872119012869068,0.030520604339714062,-5.200460264876186,1.9879561719633365e-07,-0.009210916605675674,404091,404094,0.14427860696517414,0.30845771144278605,0.0,-0.1722362387864907,0.03926380329528007,-0.08058123419715528,0.05707884938013514,True
15,45421951,45422095,145,7,-0.09015518228026849,0.01726496634046768,-5.221856822793338,1.7713790816651478e-07,-4.851263921789656e-05,317382,317388,0.14427860696517414,0.3034825870646766,0.0,-0.09215528385209165,0.01935086909148705,0.029861782734530967,0.03519585311161782,False
1,110254662,110254854,193,6,-0.07593751654339505,0.015558501534177722,-4.880773150073697,1.0567073983167659e-06,-0.03214896558010076,22850,22855,0.26865671641791045,0.4626865671641791,0.14,-0.05973917274940324,0.01868345015831196,-0.06518727402076059,0.028912775911428504,True
1,26097918,26098214,297,3,-0.07711780530863847,0.016175489745277306,-4.767571586582363,1.8645975149375458e-06,-0.039713248185055255,10445,10447,0.3333333333333333,0.527363184079602,0.16,-0.09321196678743124,0.02052788081220924,0.01823274644512748,0.03263720660586045,False
13,113540400,113540557,158,4,-0.058658901312692954,0.012524482186780225,-4.683539042804363,2.819637164485741e-06,-0.004488470960206096,298007,298010,0.39303482587064675,0.582089552238806,0.0,-0.05258005986700834,0.01665247385684396,-0.05530489751333085,0.023173665857707474,True
6,48036409,48036617,209,6,-0.0771442656755071,0.016749091391568067,-4.60587764864329,4.107298454883286e-06,-0.0345941687259133,153305,153310,0.44776119402985076,0.6368159203980099,0.18,-0.0630369374322523,0.021265811397529914,0.010079645918934128,0.02748020074809305,False
5,68710808,68710907,100,5,-0.09080274517699115,0.019797555322175343,-4.586563527633259,4.506013356298543e-06,-0.015945255658559823,119813,119817,0.4527363184079602,0.6467661691542289,0.04,-0.05540688288582521,0.023733092578624156,-0.14365428986530454,0.04099011866534255,True
19,56988398,56988813,416,5,-0.06560827653679766,0.014348269327265661,-4.5725568039152895,4.818085467476578e-06,-0.03914001046568718,400480,400484,0.4626865671641791,0.6716417910447762,0.18,-0.08092608748787461,0.01747958923921634,-0.006749541315213368,0.029642204009931634,True
5,1594676,1594733,58,4,-0.07228518965673238,0.015783820689430395,-4.579701650129491,4.656396658384547e-06,-0.005988448719882759,114136,114139,0.4626865671641791,0.6616915422885572,0.0,-0.08063788879262267,0.018365338142157357,-0.02822547831270163,0.03684386484584058,True
4,66535351,66535575,225,5,-0.09593135132290223,0.020987148841710306,-4.5709568291737765,4.855023029554166e-06,-0.02061142297664979,102694,102698,0.4626865671641791,0.6766169154228856,0.02,-0.09961399652992378,0.025792891213077318,0.01421595410236194,0.04143490169668333,False
3,69591803,69592090,288,4,-0.08024729353085142,0.018233066417267192,-4.401195700952152,1.0765596986610883e-05,-0.016936327863755967,81518,81521,0.5621890547263682,0.7910447761194029,0.04,-0.08612875025564809,0.02454746444592589,-0.06042999788238354,0.030697554926030733,True
20,57463653,57463725,73,5,-0.051170399102352375,0.011985848301821377,-4.2692346685696405,1.9614482231597806e-05,-0.007423634501844451,409162,409166,0.6467661691542289,0.835820895522388,0.0,-0.0732516718512968,0.01567217301160371,-0.008699810909991524,0.02115395841045344,True
10,124895638,124895697,60,3,-0.06771836596288988,0.015880937616293774,-4.264128957563004,2.00683522091321e-05,-0.005737011177289461,236083,236085,0.6567164179104478,0.835820895522388,0.0,-0.10379021110654375,0.02100301120376962,-0.016774124393557816,0.028241358647569614,True
18,904920,905101,182,3,-0.09710696772206405,0.023139531234493558,-4.19658318649554,2.709719623231384e-05,-0.016340345312907727,372876,372878,0.6965174129353234,0.8557213930348259,0.0,-0.1281996809466621,0.02927544904987548,0.015052397289654948,0.04538607147024369,False
1,207095153,207095668,516,4,0.05681648545832905,0.013574686994350209,4.185472967588578,2.8457293552140043e-05,0.029065869748032783,35076,35079,0.7064676616915423,0.8656716417910447,0.12,0.04298125417098267,0.01589779444292999,0.11107711852081237,0.028180144239734004,True
19,847943,848026,84,3,-0.07140040028568886,0.017044785830737565,-4.1889878227117165,2.802014335684005e-05,0.0067523089547710385,378768,378770,0.7064676616915423,0.8606965174129353,0.0,-0.07281098753873781,0.02089717119575482,-0.029318141098625634,0.030886092605445684,True
1,161736013,161736066,54,3,0.08449624785301009,0.020691529591945066,4.083615349824275,4.434040355745712e-05,0.015507490585328092,29759,29761,0.7711442786069652,0.9253731343283582,0.04,0.08414011610348492,0.025449792307213448,0.037896536022187684,0.03870862232929804,True
3,238496,238618,123,4,-0.1433292589721714,0.035399398492068995,-4.0489179217065905,5.145498501575232e-05,-0.018836810671161743,71901,71904,0.8059701492537313,0.9402985074626866,0.0,-0.1611454575104733,0.041797144159275705,0.034393358398472955,0.06494790528455148,False
17,40715222,40715244,23,4,0.09384882029191115,0.02316368522082654,4.051549630260533,5.087953054864999e-05,0.008453485519809102,359027,359030,0.8059701492537313,0.9402985074626866,0.0,0.1461553431209634,0.029917251832462514,-0.01868942243683977,0.033661179170510744,False
12,133177075,133177546,472,3,-0.08600373418836155,0.021260325968641292,-4.045268840901873,5.226311314438016e-05,0.002485855113053468,287763,287765,0.8109452736318408,0.9402985074626866,0.0,-0.08318265284558506,0.025504518021431617,0.012377437512117078,0.041120124291871826,False
4,187645118,187645144,27,3,-0.10472116723742353,0.025900744202236235,-4.043172135122745,5.2732876832354604e-05,-0.001969451904944315,112139,112141,0.8159203980099502,0.9502487562189055,0.0,-0.13855021335782552,0.031604373560336685,0.08093684183140783,0.04183339417661559,False
3,20049601,20049638,38,3,-0.05869514565477339,0.014691979287439717,-3.995046855596394,6.468145956833884e-05,-0.05869514565477339,74456,74458,0.8407960199004975,0.9651741293532339,0.7,-0.06670870873240381,0.019390699093867772,-0.04073016324869584,0.028235462453036493,True
14,95826570,95826853,284,4,-0.0654637719690325,0.016398072563724452,-3.9921625980513333,6.547345256299961e-05,-0.01157442494171847,309113,309116,0.8407960199004975,0.9651741293532339,0.02,-0.05926449140044423,0.020700947615023953,0.0015665928850076298,0.030312782878761595,False
6,31544960,31545473,514,4,0.05658653555790361,0.014328569788159105,3.949210311601776,7.840943911250496e-05,0.009484865151357567,144383,144386,0.8905472636815921,0.9701492537313433,0.0,0.04764664060658168,0.018957587451932982,0.012105208948608675,0.023957132018467032,True
17,7284330,7284351,22,3,-0.10423546052431153,0.026881649953083415,-3.877569297503458,0.00010550528144147211,-0.007560528752667937,350579,350581,0.9303482587064676,0.9751243781094527,0.0,-0.08658236114510381,0.033598012399270065,-0.0772006656276859,0.052262896530188285,True
17,40932508,40932572,65,4,-0.09655737665860828,0.025183375119218154,-3.8341714008350922,0.00012598827055431748,0.000628374048715373,359207,359210,0.945273631840796,0.9900497512437811,0.0,-0.09615977768052217,0.03070239105647808,0.018472948974573716,0.0393147069062608,False
7,103630083,103630093,11,3,-0.08714287490112209,0.022821824650755634,-3.818400861222846,0.00013431954230155657,-0.013675137179536957,182856,182858,0.945273631840796,0.9900497512437811,0.02,-0.09915344185972053,0.028088620385841756,-0.034003338162398346,0.034816292132645185,True
16,51185082,51185147,66,4,-0.07209374023384706,0.01876754537688441,-3.8414048713394027,0.00012233214533664206,-0.01044498714758476,337588,337591,0.945273631840796,0.9850746268656716,0.0,-0.07411751662827896,0.0233885101451209,-0.03746175336857326,0.035123173784493415,True
16,89822293,89822399,107,3,-0.06258973038578307,0.01623419449001378,-3.855425683379868,0.00011552842365297434,-0.06258973038578307,346800,346802,0.945273631840796,0.9850746268656716,0.66,-0.07480222111765063,0.02050908373419331,0.0136560135336228,0.03254122028622625,False
10,124220854,124220874,21,3,-0.10843322338860736,0.02857150194368025,-3.7951530725388336,0.00014755239127729581,0.00852652610593094,235922,235924,0.9502487562189055,0.9900497512437811,0.0,-0.10368384764490368,0.03230290549860599,-0.1601697639682994,0.05893731428178159,True
13,25670170,25670187,18,4,-0.08177385386129389,0.021753562022588484,-3.7591017864743934,0.0001705244570666677,-0.025913954392530372,289485,289488,0.9601990049751243,0.9900497512437811,0.08,-0.109248933163605,0.029510068448595345,-0.019596063801386412,0.02689228748524882,True
22,44568753,44568775,23,3,-0.06477515167903773,0.017184568164300498,-3.7693790766068065,0.00016365417275510764,-0.025872405391514836,421065,421067,0.9601990049751243,0.9900497512437811,0.08,-0.046383426550113176,0.021600681016156104,-0.04101334977373087,0.03283411669997147,True
13,36871646,36872166,521,9,-0.05518740770489769,0.014753360567239979,-3.740666911336934,0.00018353261657325733,-0.028239672226226194,291008,291016,0.9651741293532339,0.9950248756218906,0.26,-0.07705023511700876,0.01895318463554599,0.05451693266219868,0.022653393077977844,False
10,128593922,128593946,25,3,-0.12087350622591496,0.032638667243176114,-3.703383637736814,0.00021274278667513078,-0.038177632551022425,236863,236865,0.9751243781094527,0.9950248756218906,0.14,-0.13785079407572426,0.040349722703173156,0.06358537203887475,0.06373427720548913,False
4,899553,899970,418,3,-0.05003265300034532,0.013569146295533888,-3.6872366109585633,0.00022670254629226662,0.006374933857941009,94950,94952,0.9751243781094527,1.0,0.0,-0.06623648116672619,0.01675817177122221,-0.020008030304818136,0.026774292733339776,True
6,28945322,28945492,171,4,-0.10726334342984616,0.029021760898395026,-3.6959626194073594,0.00021905520401212868,-0.021576251205668192,140226,140229,0.9751243781094527,0.9950248756218906,0.14,-0.17960675370078522,0.035927046819528255,0.05484873217518945,0.05539739487185672,False
19,54041251,54041856,606,6,-0.06113947190181804,0.01664974507285108,-3.6720965777134627,0.0002405687294618233,-0.004984232885265138,398905,398910,0.9800995024875622,1.0,0.0,-0.08788988114048085,0.022976024474888158,0.009266990124923323,0.021099782550730434,False
6,152128528,152128537,10,3,-0.06719025551085779,0.018380087445326963,-3.655600426859805,0.0002565807373727327,-0.0007354186588486969,161752,161754,0.9850746268656716,1.0,0.0,-0.10778963267843925,0.020684351550008338,0.09538735447555435,0.03900543581873101,False
19,47507399,47507461,63,3,-0.07434125715972967,0.020463275028064578,-3.6329110104699054,0.0002802416879693067,-0.027070604751917686,395661,395663,0.9900497512437811,1.0,0.1,-0.07140197559392686,0.023573100050421885,-0.005938653629587749,0.046571177708625684,True
1,77747374,77747387,14,3,-0.09840094058177783,0.02706491041990756,-3.635738639260344,0.0002771852566362621,-0.0024266502886780505,19949,19951,0.9900497512437811,1.0,0.0,-0.13027219450585936,0.03326380263967005,0.022715263457189383,0.045483876529007726,False
18,7117321,7117790,470,3,-0.08381269602557077,0.024801844460379148,-3.379292865071436,0.0007267254707524837,-0.003058889342621755,373302,373304,0.9950248756218906,1.0,0.02,-0.09922464815953812,0.026947187002179906,-0.06856440793628527,0.05994441510721885,True
18,6414974,6414978,5,3,-0.11251388205715536,0.03331775214499927,-3.376994989562728,0.0007328238499125844,-0.02016747349733124,373256,373258,0.9950248756218906,1.0,0.02,-0.09879407380874954,0.038796691036996366,-0.06989635038030287,0.0735850969884423,True
7,145813421,145813439,19,4,-0.07275976318102799,0.021380970376522694,-3.4030150128696506,0.0006664661836543315,-0.0270294217986171,187470,187473,0.9950248756218906,1.0,0.12,-0.07378535470900185,0.026079979928721065,-0.04269651546203157,0.04411167257294138,True
17,58119753,58120343,591,3,0.0622352421656258,0.01761890461266356,3.5322991714759793,0.0004119630035544174,0.029221228815094952,363935,363937,0.9950248756218906,1.0,0.14,0.09677900273491855,0.023302078152368403,-0.009093048198167152,0.030108329073328,False
7,158380179,158380596,418,3,-0.07067901517593397,0.02035544818811756,-3.472240675948008,0.0005161333930548917,-0.007696123730347854,191436,191438,0.9950248756218906,1.0,0.0,-0.11680536173022445,0.026087878140084435,-0.0031736473381755673,0.036218640860093555,True
1,154474518,154474530,13,3,-0.10636933616365651,0.030259338548163685,-3.5152564883184345,0.00043932945779524927,-0.0036779570783797896,27253,27255,0.9950248756218906,1.0,0.0,-0.05101468440128661,0.03682968381073272,-0.1881350705894322,0.05373972621099783,True
10,63422630,63422841,212,3,-0.11299200681094923,0.03298499744808027,-3.425557542904263,0.0006135389553406332,0.008119988385411822,226708,226710,0.9950248756218906,1.0,0.02,-0.0914347740550776,0.043877783372458574,-0.20420213065128362,0.0495851341626828,True
10,102747329,102747431,103,5,-0.05412505447760596,0.015544681782447726,-3.4819017355968813,0.0004978663537204944,-0.003775048637753671,232610,232614,0.9950248756218906,1.0,0.0,-0.09681136360213603,0.020859266482180186,0.01668922538585816,0.02262068864203384,False
3,186353350,186353721,372,3,0.05143860950983993,0.014637599394614715,3.514142457592096,0.00044117614446483587,0.03242100723318664,92356,92358,0.9950248756218906,1.0,0.06,0.08213651679787028,0.018966810366527094,-0.016379357848859348,0.02792573888559494,False
6,84419234,84419244,11,4,-0.08504644061911125,0.02377625902713981,-3.576947934577663,0.0003476293801469955,-0.029610409965892655,155408,155411,0.9950248756218906,1.0,0.16,-0.0734385989051904,0.030887613064603896,-0.06584803175119215,0.04143968564275102,True
10,133766053,133767173,1121,4,-0.05263132215764997,0.015788871661287878,-3.3334441679385276,0.0008577788537720668,0.0025367349007202017,238151,238154,0.9950248756218906,1.0,0.0,-0.07519715482582749,0.01937672922204015,-0.004191262726405898,0.027161735150381325,True
10,134570057,134570358,302,3,-0.054805368793825984,0.016436256379550377,-3.334419196698197,0.0008547773128889624,0.007414588731018024,238987,238989,0.9950248756218906,1.0,0.0,-0.04919231682548861,0.020548839135302904,-0.03375863502008918,0.03494090333973278,True
15,91473059,91473291,233,4,0.07415894595337906,0.020840405799720543,3.5584213986070026,0.00037309040358951296,0.009420261314666578,325297,325300,0.9950248756218906,1.0,0.0,0.10400809025209876,0.02608635063691907,0.03006748006387,0.032235505029156744,True
11,2292510,2292544,35,4,-0.08235536402813293,0.023700170823681137,-3.4748848285027423,0.0005110727241364832,0.002269081244128285,242665,242668,0.9950248756218906,1.0,0.0,-0.10286586801885142,0.029342169449138894,0.058162624630713866,0.04481667952680001,False
11,30038672,30038692,21,5,-0.08045579635259154,0.024145845878033406,-3.3320761160736927,0.0008620067620077698,0.0047603043906579365,247352,247356,0.9950248756218906,1.0,0.0,-0.08926408942491708,0.03002915091461655,0.04270948478296329,0.04387480803175609,False
15,28983117,28983122,6,3,-0.06710109874126546,0.019042735669746704,-3.5237110835849776,0.00042554798840571244,-0.05288597001825927,314508,314510,0.9950248756218906,1.0,0.42,-0.013739803194840073,0.012719123020895208,-0.2189254032515425,0.0643237379942839,True
11,59823993,59824161,169,5,0.05055094573819853,0.014313896648052559,3.531599185123089,0.00041305492312528476,0.03980719392739278,251038,251042,0.9950248756218906,1.0,0.32,0.01976448403426211,0.013846315681379544,0.15570459533849437,0.03498788299213038,True
2,25391656,25391670,15,3,-0.05953996236957051,0.017625231261006288,-3.3781095684852396,0.0007298599336607698,-0.004147673861735989,45207,45209,0.9950248756218906,1.0,0.0,-0.036553019972470555,0.022069567448590767,-0.07352968089915898,0.0390060179642,True
3,150690810,150691910,1101,3,0.06133574997945173,0.01752969705779248,3.4989623481363097,0.00046707253210637303,0.030095987283807798,88973,88975,0.9950248756218906,1.0,0.1,0.09357820609678286,0.023132391037573863,-0.021192084047621622,0.02946857107459081,False
13,49684383,49684404,22,3,0.06030972334687823,0.01800473841565529,3.349658404058698,0.0008091127671947038,0.04597415628169862,292567,292569,0.9950248756218906,1.0,0.5,0.06077736472100523,0.02322178868691878,0.09394546487438234,0.03136877102690682,True
12,106751214,106751322,109,4,0.06327987727155539,0.017861799221826773,3.5427493325660384,0.00039597889850334384,0.01996402483391972,280515,280518,0.9950248756218906,1.0,0.02,0.05565508665106856,0.0208178704446888,0.04531703167615165,0.035019860141514585,True
12,122019006,122019080,75,4,-0.0597068702313398,0.017290262629128948,-3.453207826395389,0.0005539620371117966,-0.019312429460346323,283955,283958,0.9950248756218906,1.0,0.0,-0.05425543517593237,0.023268705326032008,-0.02506834075610268,0.02343086613249863,True
16,54965084,54965100,17,4,-0.09093482087137783,0.026554549312952567,-3.4244535578324564,0.0006160371276470925,-0.00506031564205371,337944,337947,0.9950248756218906,1.0,0.0,-0.08700595754030961,0.03414274221727117,-0.010288882578631985,0.04714399051184626,True
6,69344416,69344576,161,3,0.06321072947182835,0.01874235044921341,3.372614851222207,0.0007445802574544077,0.02054354339664307,154382,154384,0.9950248756218906,1.0,0.04,0.07262842334770096,0.023631388482975267,0.006390087358267226,0.03294938453755085,True
12,130195357,130195777,421,3,-0.07040130554881548,0.02048828160140878,-3.4361742443043473,0.0005899913887643451,-0.07040130554881548,285843,285845,0.9950248756218906,1.0,0.72,-0.05659165571811187,0.026601841478655054,-0.07397362136789191,0.03244795824351308,True
22,17082770,17082787,18,3,-0.08336146962737292,0.024059552575472053,-3.464797168022039,0.0005306315258477493,-0.015811757029906132,415097,415099,0.9950248756218906,1.0,0.48,-0.09596732621111313,0.032055756849256246,-0.04143493087741293,0.034701143376677894,True
5,140346280,140346309,30,3,-0.08465690325432991,0.023811058652023237,-3.5553607460933523,0.00037746082552328616,-0.013426277546424694,127099,127101,0.9950248756218906,1.0,0.0,-0.11638911027602446,0.03000359187130595,0.11836530461545751,0.037042281062752126,False
20,55841888,55841906,19,5,-0.0620387831798877,0.017575724393877622,-3.5297995001274867,0.00041587470123348696,-0.008369520276514955,408737,408741,0.9950248756218906,1.0,0.0,-0.08308879369201391,0.021988426280718013,0.021550616476882948,0.030954259201584695,False
5,1445542,1445567,26,4,-0.06666366417502832,0.0197264546586399,-3.379404222837914,0.0007264311371634818,-0.0014377823903375271,113976,113979,0.9950248756218906,1.0,0.0,-0.10150803043607323,0.02586534143760589,0.020075185164187957,0.03140421407148395,False
3,121264923,121264942,20,3,0.056328189228429415,0.016412132110504758,3.4321067396463354,0.0005989117871954545,0.028002046300444304,84584,84586,0.9950248756218906,1.0,0.14,0.06855671410224747,0.02190674539633327,0.004633869138488679,0.030134160904751697,True
6,28864168,28864186,19,3,0.056706483147182095,0.01681610419954311,3.372153411651838,0.0007458289193294966,0.011778668943864201,140035,140037,0.9950248756218906,1.0,0.0,0.08060298081151533,0.021595969307884322,0.02705756215863479,0.03146197375660021,True
19,13227118,13227228,111,3,0.05569346980471695,0.016212454327630212,3.435227552795685,0.0005920564543826893,0.017172246015782874,386108,386110,0.9950248756218906,1.0,0.0,0.06877339141781788,0.02072515364727105,0.09943192221325983,0.030313595157515024,True
6,31698218,31698226,9,3,-0.07635885952671298,0.022337568473125752,-3.418405168789076,0.0006298926345551634,0.0006550057958695673,145092,145094,0.9950248756218906,1.0,0.0,-0.08279003413785949,0.02539022077175569,-0.062439094531279896,0.049862062093795845,True
1,26372718,26372895,178,3,-0.05970835653853312,0.017789882398420016,-3.3563097945962834,0.0007899003354150526,-0.007476105016559774,10587,10589,0.9950248756218906,1.0,0.0,-0.08022745448992297,0.022949513623695964,0.01261857121433414,0.033532927320826536,False
16,15489542,15489614,73,3,-0.07813517935328458,0.026895616412491944,-2.905126923099405,0.003671042019414684,-0.014234034285852515,333096,333098,1.0,1.0,0.0,-0.1024531387037698,0.03473718637229169,-0.07564438962303685,0.03962693636543395,True
1,7765245,7765369,125,3,-0.05053874020621984,0.021823170155704192,-2.315829453082915,0.020567582411151815,0.008865893700035675,5006,5008,1.0,1.0,0.0,-0.0784373692594983,0.02992481885951092,-0.008274471686397989,0.029665888359471242,True
15,30114474,30114816,343,4,-0.0656105227495027,0.024016452051359227,-2.7318990585784477,0.006297043046059386,-0.023354139200279633,314689,314692,1.0,1.0,0.04,-0.05358920894757584,0.03139969876250924,-0.021016519469542565,0.04394281939765025,True
20,21378045,21378074,30,3,-0.07324565919811465,0.03113269964381031,-2.352692186547243,0.018638055552826178,-0.006629881121430186,404014,404016,1.0,1.0,0.0,-0.09989413665526561,0.035796288452781176,-0.023899623230944734,0.06428397947415328,True
16,1014818,1014975,158,3,0.06518863400047252,0.02768136543489592,2.354964539368201,0.018524473364418297,0.006621932895433489,328264,328266,1.0,1.0,0.0,0.028320053450840012,0.03493867675842628,0.04367350099492769,0.04448277967505842,True
20,42142947,42143015,69,3,0.05936866291726802,0.023770650799960765,2.4975615273169556,0.01250507622532275,-7.540191184509456e-06,406763,406765,1.0,1.0,0.0,0.06218089761533923,0.03056748979836135,0.062042879903936574,0.04475061824056718,True
2,14772731,14772963,233,3,-0.055920298772278526,0.028102147446518757,-1.9898941487906054,0.046602597065433994,-0.024721296283706378,44081,44083,1.0,1.0,0.02,-0.0169989871798692,0.031978761249124556,0.052748016060719126,0.04386763311809324,False
16,23313240,23313392,153,3,-0.054971336263344855,0.026950235126639785,-2.039734941273546,0.04137673276625537,-0.02344993764996958,334111,334113,1.0,1.0,0.0,-0.0786522983388604,0.03592847263220175,-0.09527393950527213,0.03757690683278333,True
18,77545028,77545223,196,3,-0.053318029875453636,0.022321252368314313,-2.3886665943144023,0.016909639948549063,0.006758592890068511,377996,377998,1.0,1.0,0.0,-0.052036539439728545,0.028299196397096247,-0.05140912491950894,0.042224014087377366,True
21,34442350,34442377,28,3,-0.062044989742101,0.026671614445626463,-2.3262554979035013,0.02000492457301419,0.00033748287971758806,412053,412055,1.0,1.0,0.0,-0.07258051291618435,0.03607280668430545,-0.018711495220311566,0.033496054162115395,True
2,8816608,8816922,315,3,-0.06004391733468576,0.019449997902206608,-3.0870911984969296,0.002021255745304444,-0.0055753187162325265,43115,43117,1.0,1.0,0.0,-0.05260254990667844,0.023665865838676355,0.004103487133368259,0.03684676378904893,False
15,27112287,27112430,144,3,-0.09588243807483304,0.037767611077187645,-2.5387477613787404,0.011124999964319185,-0.0041243217645311175,314234,314236,1.0,1.0,0.0,-0.10212237339126615,0.034857193072350294,-0.09100517837525118,0.11683788581508397,True
14,105993308,105993747,440,4,-0.06386585941213087,0.020074754512882296,-3.1814017636503156,0.0014656421967957545,-0.004422695455450921,312871,312874,1.0,1.0,0.0,-0.10513930033440723,0.026062816537042975,0.04926440433702801,0.034239823190652455,False
21,42218932,42219139,208,3,-0.06801464606419048,0.02711589381983606,-2.5082944532861315,0.012131552642345035,0.006317625389168962,413026,413028,1.0,1.0,0.0,-0.08403979310816279,0.03462294450506335,-0.016203754659554082,0.04413191981610757,True
21,45713607,45713719,113,3,0.05931348954970054,0.020376214850356927,2.9109179494473945,0.0036036863795657105,0.0027155870457217803,414003,414005,1.0,1.0,0.12,0.08531738718330827,0.02578746327120789,-0.07104942918222887,0.035315743768066066,False
14,50319751,50319892,142,3,0.05129093875227979,0.01634324131661661,3.1383577932078213,0.00169897352207218,0.02902503452801483,302579,302581,1.0,1.0,0.06,0.05635196891083337,0.020266818423601677,0.07138891081435793,0.03626865411558977,True
14,29235984,29236017,34,4,-0.05824270074681481,0.02056275244161478,-2.8324369955912894,0.00461946687761856,-0.01103429279604967,301199,301202,1.0,1.0,0.0,-0.0414706257876371,0.023858079432016996,-0.047060338798295374,0.04479210200881438,True
2,63279693,63280376,684,3,-0.05180934917911737,0.01672379032823074,-3.0979429998987817,0.001948689052850199,-0.005048272149819938,49817,49819,1.0,1.0,0.0,-0.05552576056882212,0.021292125849651032,-0.02658237182802351,0.03229075662141976,True
22,24890794,24890833,40,6,-0.056395621819997965,0.019005822630054497,-2.967281286252657,0.003004459539120508,-0.019025628403327537,416966,416971,1.0,1.0,0.04,-0.039742513612704644,0.025706617875857724,-0.013406423838258777,0.027990601948257754,True
13,33113060,33113178,119,3,0.05899339888094944,0.019711371227799777,2.99286123726129,0.002763753775415964,0.021564662874633482,290690,290692,1.0,1.0,0.08,0.10150255606579421,0.024355277320266367,-0.06194507189878187,0.03348744836591168,False
22,38851318,38851354,37,4,-0.05003705063081286,0.017198441787213897,-2.9093944236281146,0.0036212967401835997,-0.0002457998241572897,419434,419437,1.0,1.0,0.0,-0.08450095373726699,0.02242496230061086,0.039781658823272906,0.030248632699733376,False
2,108994366,108994528,163,3,-0.061378039199885596,0.01970561505734967,-3.114748716102278,0.0018410167380390695,-0.0029782455603134133,55548,55550,1.0,1.0,0.0,-0.04277605943069414,0.025205948803799737,-0.05445407563213163,0.03687587247791327,True
22,40289538,40289840,303,3,0.05328588588381048,0.018604999771660365,2.864062700230557,0.004182452133945245,0.027412995353033775,419942,419944,1.0,1.0,0.12,0.07058914522763163,0.024805700296375795,-0.0002780267873225842,0.03471716100506487,False
1,3704460,3704559,100,3,0.060026447476475994,0.021661224176513894,2.7711475116701605,0.005585911487687794,0.009200113003772301,3728,3730,1.0,1.0,0.0,0.035179097443072516,0.027807066446788337,0.08203958356424895,0.03554098867764589,True
16,54320670,54320674,5,3,-0.05710786263050049,0.026680301638126232,-2.140450411883394,0.03231838419767854,-0.004694781804694899,337872,337874,1.0,1.0,0.0,-0.04406963601160774,0.035567939476111206,-0.036597344141001895,0.042159161031405254,True
16,62070164,62070219,56,3,-0.050644532045848636,0.031793479048372895,-1.5929219941232096,0.11117769156349856,-0.013492507212262257,339097,339099,1.0,1.0,0.0,-0.03455805083306485,0.0345326582155646,-0.05477519204958224,0.07547982090838155,True
20,13200931,13200992,62,9,-0.05032888983878012,0.01755253222990385,-2.86732929354979,0.004139520540316249,-0.010934808720114967,403361,403369,1.0,1.0,0.0,-0.09230126516978285,0.02196228918191023,0.04960582976723192,0.03062654012961166,False
18,76740088,76740093,6,3,-0.07192999785374078,0.02526603281933424,-2.846905106475522,0.004414651971692356,0.00019979194783016236,377618,377620,1.0,1.0,0.0,-0.05211786431563947,0.032896658286099695,-0.08707499638454383,0.042715137592014826,True
18,74961966,74962133,168,3,-0.0647423381015198,0.032486463836438405,-1.9929019799594696,0.04627218148526276,-0.0068230445474278915,377382,377384,1.0,1.0,0.0,-0.08316678946843571,0.04343103350611134,0.05305306586960948,0.03868764081343951,False
18,59992350,59992387,38,3,-0.05606278441562215,0.017116601901380007,-3.2753454651008824,0.001055328342433449,-0.021541066814428973,376595,376597,1.0,1.0,0.0,-0.04393008810609659,0.023134460864485746,-0.05041171307086551,0.029701363055372958,True
19,15580310,15580445,136,4,-0.09067645840079018,0.032454743924569644,-2.7939354139270893,0.005207087720504096,0.009117768870352445,387078,387081,1.0,1.0,0.0,-0.11924839821921623,0.04127901011698213,0.15716153008610098,0.05179075625919647,False
18,28622811,28622876,66,3,-0.07693521187203922,0.024864062131939212,-3.0942334146282495,0.0019732217753603474,-0.026090945161416326,374693,374695,1.0,1.0,0.04,-0.04859680753326181,0.030293150415559165,-0.051517605139146466,0.0468370576668924,True
18,13641735,13641894,160,3,-0.05077342246322128,0.01831610161296429,-2.7720649042088423,0.005570192901516578,-0.0024176587215281172,373967,373969,1.0,1.0,0.02,-0.04494594472624311,0.02337920154538442,-0.029577305573865963,0.03746657995700385,True
18,10589169,10589360,192,3,-0.05074719892303337,0.015392513325546807,-3.2968754257180817,0.0009776685449180177,-0.027203166631010224,373565,373567,1.0,1.0,0.06,-0.05216792494220279,0.020224572622886506,-0.022664351005108704,0.027628550084082985,True
19,18902081,18902117,37,3,0.07917994948764331,0.024144479907908165,3.27942245141131,0.0010401979429019075,-0.008511689708858397,388659,388661,1.0,1.0,0.0,0.06652161530851954,0.030513218056887434,0.16250889396104762,0.04590280413666095,True
19,34112991,34113214,224,3,-0.09917946342996595,0.031204282208466116,-3.1783927208252623,0.0014809401058836877,-0.0161027160932671,390241,390243,1.0,1.0,0.0,-0.1249195128709161,0.03983912857806322,-0.11505950407669467,0.0558565651814807,True
18,3452302,3452359,58,3,-0.0671977169627278,0.026803706418249498,-2.5070307782872803,0.012175010971234683,0.00903778573365381,373072,373074,1.0,1.0,0.0,-0.07477766466697758,0.033726497392438014,-0.06778774989855148,0.0512681915424007,True
1,40105667,40105706,40,3,-0.05791166299719586,0.021333961018368507,-2.71452933411353,0.006637002214193676,-0.009079543832150459,14355,14357,1.0,1.0,0.0,-0.0437099196622605,0.02400580683247773,0.050109025597353064,0.041248824975020304,False
17,79813410,79813507,98,3,0.06486627684588007,0.021883983855229928,2.9640981859149953,0.0030357140927818327,0.011756254765653049,371131,371133,1.0,1.0,0.02,0.09272426265317324,0.028610910571178615,0.04486665464887554,0.0366922298445545,True
20,13976093,13976126,34,5,-0.08863377322712672,0.03250881272764566,-2.7264537148645887,0.006401893060744025,-0.013116388140755417,403443,403447,1.0,1.0,0.0,-0.05388590584135873,0.04305269711907097,-0.017707869631679165,0.04188541639181918,True
2,124782253,124782263,11,3,-0.05684478967796046,0.01798785878452136,-3.1601754471674903,0.001576741614158887,-0.01859584891295985,57337,57339,1.0,1.0,0.0,-0.06840537189836911,0.02276111863251335,-0.05307008632791554,0.037740216840418644,True
17,44928967,44928995,29,3,0.05417195825716985,0.03879617238764251,1.3963222380779214,0.16261748007633314,0.005868540794841653,360876,360878,1.0,1.0,0.0,0.08100633570333331,0.04215957558184895,0.19549902048450804,0.0983288417478022,True
19,49622715,49623089,375,3,-0.050346040797968665,0.022214871585823408,-2.2663214866430907,0.02343170679853602,-0.007662035314009766,396777,396779,1.0,1.0,0.0,-0.09397915828710338,0.027047184961825014,0.0021487007800126395,0.040619624452377594,False
1,78445162,78445169,8,3,0.05543318112127991,0.019552645158338277,2.835073243153512,0.004581518056021107,0.027446411858406357,20041,20043,1.0,1.0,0.08,0.0843285303638849,0.024868117023065534,0.03665570781333832,0.0355050441110471,True
17,37123767,37123843,77,3,0.06741627584174424,0.02256567774739009,2.9875582110331917,0.0028121573554419177,0.02788556861887201,357329,357331,1.0,1.0,0.04,0.05797428138877427,0.02889003094996104,0.08755233824694997,0.03991440303356835,True
17,17109640,17109800,161,6,-0.0524079456456635,0.021601332718950553,-2.426144086919541,0.01526021026235561,0.00015818328012165843,352941,352946,1.0,1.0,0.0,-0.07600876079684406,0.02879065743506077,0.005962069643511301,0.031558936077792414,False
17,7348339,7348399,61,3,-0.06304287124848083,0.02354762465884601,-2.6772497082756863,0.007422928985708886,-0.0009462013654515841,350691,350693,1.0,1.0,0.02,-0.0769584854908757,0.031293827261276434,0.031059542846366542,0.03617738700987484,False
1,26126442,26126460,19,3,-0.07077326753759809,0.023848481230519115,-2.9676215794835987,0.003001135660461992,-0.009901810933690327,10457,10459,1.0,1.0,0.04,-0.07203652712903029,0.03078322848720969,-0.05046135261273889,0.04182687312489582,True
17,1510000,1510080,81,3,0.08233501985385679,0.025451366095958862,3.2349941273655185,0.001216452327438563,0.015598884000942264,348086,348088,1.0,1.0,0.0,0.13971539984977166,0.03151925215326742,-0.028643306454412244,0.04650495372153659,False
1,209848535,209848577,43,3,-0.08792020700306846,0.028741340826271805,-3.0590154973807833,0.0022206566216879994,-0.027382022869717946,35471,35473,1.0,1.0,0.0,-0.09469473770456585,0.03560834771428998,-0.16945194968241134,0.05255937688687022,True
16,88832476,88832532,57,3,0.0557475332364814,0.01966201750795168,2.8352905908020922,0.004578401967460604,0.003979968124652445,345622,345624,1.0,1.0,0.0,0.07261385430550589,0.025231250483580714,0.014995493145536163,0.03872894129544213,True
20,327607,327623,17,3,-0.057051946894264106,0.021461900886248553,-2.6582895521067025,0.00785383839504227,-0.0013584682051002088,401736,401738,1.0,1.0,0.0,-0.05896607117292158,0.02858285797654085,0.00551580588600543,0.03663450035402038,False
16,66613053,66613220,168,4,-0.050227238674095946,0.02554651594465453,-1.9661091470520355,0.0492860040245031,-0.02228031986664886,339341,339344,1.0,1.0,0.02,-0.05300549014713848,0.032464680037472715,-0.01971553836928058,0.04218525945663678,True
19,35630279,35630355,77,3,-0.05160101413541012,0.01884396269373923,-2.738331367666854,0.006175182043748512,0.0033883853101221275,390609,390611,1.0,1.0,0.0,-0.05172107828075499,0.025141954142156912,-0.05583110457774054,0.03216219411187974,True
17,59473674,59474078,405,3,-0.05000582275284789,0.03088287083474456,-1.6192090113782163,0.1054022997679453,0.0020866164011671766,364134,364136,1.0,1.0,0.0,-0.018130897620564627,0.040095860325567015,-0.04686365344086862,0.0508205956720816,True
12,9217390,9217583,194,4,-0.06761758232006207,0.02178156942788777,-3.1043484971973005,0.0019069856488670505,-0.0194043916893833,268673,268676,1.0,1.0,0.02,-0.059473512673523916,0.026581224072134493,-0.028132541008099716,0.03728830500921938,True
12,124911924,124912049,126,3,-0.051287598122665895,0.022466901787252098,-2.282806886696184,0.02244174613308666,-0.0033596037883022634,285049,285051,1.0,1.0,0.0,-0.047056302728938716,0.028473428126712916,-0.13041422755009532,0.03998892471711371,True
6,29521488,29521506,19,4,-0.06347610810551675,0.026017412400073502,-2.439754850691356,0.014697231856842755,0.001183096191036178,140537,140540,1.0,1.0,0.0,-0.07963831106367485,0.03118593531399348,-0.058803975466196576,0.04839688568459208,True
6,29796066,29796086,21,3,-0.05012701086167305,0.025177537047656812,-1.9909417973168348,0.04648728634956574,0.00468158567345344,141101,141103,1.0,1.0,0.0,-0.04896467522897457,0.0311456301639296,-0.07135916262116296,0.05481259876379826,True
6,29855465,29855490,26,4,-0.05810802907436194,0.01898514356366955,-3.06071054345667,0.0022081245135812818,-0.005467796945889671,141153,141156,1.0,1.0,0.0,-0.08812775525414106,0.02344552362433466,0.09030240507462935,0.03568377416392384,False
6,30619167,30619190,24,3,0.055057098546048226,0.025072275665175572,2.195935434074715,0.02809656506487521,0.013131585142553734,142819,142821,1.0,1.0,0.0,0.07824325010584529,0.03081194810400951,-0.030223606207446095,0.05002438786015804,False
3,87138203,87138400,198,3,0.06721414328532606,0.027844589060751882,2.4139032233040645,0.01578265375620713,0.005577444288567037,82377,82379,1.0,1.0,0.0,0.04412560842471469,0.034854803237990555,0.22475046346004146,0.046217742978316594,True
6,32095616,32095692,77,3,0.05120953621388767,0.017954815941485427,2.852133732853573,0.004342682633079978,0.01758625450172667,146723,146725,1.0,1.0,0.0,0.05262278964184009,0.0205513321153631,0.02824169017945594,0.03442533437875786,True
6,28956683,28956731,49,3,-0.054807074447203105,0.024660164344791364,-2.2224942900179525,0.026249919491024367,0.0026414057687885457,140252,140254,1.0,1.0,0.0,-0.04788735435985338,0.032467760479714086,-0.0060871806319104296,0.04071574059643564,True
6,39902288,39902298,11,3,-0.05156885693746843,0.02172742670879464,-2.373445214135498,0.017623007240420478,0.00042664263595213565,151497,151499,1.0,1.0,0.0,-0.04376664009608134,0.02878854758907673,-0.0003197693598746038,0.03664097502934251,True
6,85474087,85474093,7,3,-0.06029734437243089,0.025333248732538668,-2.380166279068008,0.017304827478361484,-0.009018701959241806,155499,155501,1.0,1.0,0.0,-0.03924498744640199,0.031004616290394135,0.026937915667089803,0.04309052041660171,False
6,133562267,133562275,9,3,-0.06006585310892088,0.02740778452517951,-2.1915617825197957,0.028411164043215913,-0.0007702616845426863,159536,159538,1.0,1.0,0.0,-0.10150193050379355,0.035787865047354046,-0.006588952795145521,0.04538747812021063,True
7,1272486,1272545,60,4,-0.059422091153314684,0.018980417926798648,-3.130705097352784,0.0017438718141489643,-0.006860183560182541,167067,167070,1.0,1.0,0.0,-0.04054553296247956,0.022629839491838877,-0.011042803292524926,0.03671260191233222,True
2,241497412,241497554,143,4,-0.054823077927625995,0.036740312681321184,-1.492177772223972,0.13565254782734434,0.005736525525390487,70926,70929,1.0,1.0,0.0,-0.0674637842035977,0.04676559767487111,0.05113243519711189,0.04844199559360447,False
7,49813088,49813111,24,3,-0.05244014210253804,0.018607364907015034,-2.818246557994246,0.004828671486390174,-0.0035333315947946703,175759,175761,1.0,1.0,0.0,-0.0500081178357773,0.022215053342432584,0.003730887429220662,0.0412560487081151,False
7,89747958,89748001,44,3,-0.054484151944133974,0.01958489162825292,-2.7819480943941413,0.005403368120435217,-0.019968147026008166,179619,179621,1.0,1.0,0.04,-0.07133338911223243,0.025167293127266243,0.027272394005589867,0.03351241646845897,False
3,38178256,38178743,488,3,-0.05025596474835754,0.01696800917489279,-2.9618067877238214,0.0030583963750675943,-0.006870715051249775,75889,75891,1.0,1.0,0.0,-0.07237096662154395,0.02179015909585226,0.033518834198457324,0.029584790127257402,False
6,26017939,26018058,120,3,-0.08110161539377177,0.027413653711460564,-2.9584387490773034,0.003092016833518922,-0.0009706402693494818,138150,138152,1.0,1.0,0.0,-0.06335296210377528,0.0347998233512063,-0.007655417612434567,0.047000535811204315,True
5,140306181,140306231,51,5,-0.05722020395415317,0.026220518194055686,-2.1822682347721587,0.029089741940072952,-0.015446257028443636,127077,127081,1.0,1.0,0.06,-0.0886182516239259,0.036041406873902046,-0.01905009063848157,0.033487219640431026,True
5,72677723,72677886,164,3,-0.08317013375231906,0.037305406349707075,-2.229439158835811,0.025784699202374105,-0.016086436240047568,120205,120207,1.0,1.0,0.0,-0.029517295035363586,0.04860972431555141,-0.12093203459462964,0.05319484148733729,True
3,188665276,188665466,191,3,-0.08487337426363518,0.029417084257547337,-2.885172898869466,0.003911987508739338,0.008968423523939104,92732,92734,1.0,1.0,0.0,-0.025265812971175746,0.0365430045169422,-0.04164033909968673,0.04987223399578874,True
3,147127898,147128157,260,3,-0.0650536627792969,0.02439404578560776,-2.6667844830265057,0.007658076289785841,-0.0007239161007568359,88513,88515,1.0,1.0,0.0,-0.054506485093841324,0.030356294384607747,-0.08147914333223533,0.04459308075567181,True
4,62066539,62066990,452,3,-0.0637880709428261,0.021701971372918634,-2.939275416353451,0.003289805936993104,-0.007343853495083702,102616,102618,1.0,1.0,0.0,-0.07933743362409151,0.028883283551302923,-0.003959386364126821,0.036492014201000754,True
3,132757087,132757267,181,5,-0.05480941320096061,0.018769993233393723,-2.9200550324892554,0.0034996957839006472,-0.021792626285575583,86805,86809,1.0,1.0,0.0,-0.050903134082122964,0.023103527294246688,0.04311971661498555,0.02740411850347895,False
4,84457458,84457523,66,4,0.05435152356280211,0.01715973139564236,3.1673877818742806,0.0015381506131320298,0.024602745872458514,104355,104358,1.0,1.0,0.0,0.0701049686634622,0.024169030736076756,0.029601145750573026,0.021015232160998508,True
4,141490153,141490354,202,3,-0.07086913069071626,0.025920029845602228,-2.7341454123649633,0.006254241750202347,-0.015301253924180818,108193,108195,1.0,1.0,0.0,-0.04066629998316215,0.030806914301827335,-0.056834498922883274,0.049443869213519065,True
4,144621938,144621971,34,4,-0.0694147807611186,0.022929503519102723,-3.0273128549551314,0.0024673844353230636,-0.012611360076344245,108430,108433,1.0,1.0,0.0,-0.11504468364408738,0.027607733736586555,0.06355060249666172,0.041780082564041796,False
4,187476569,187476608,40,4,-0.10077640209456122,0.031662462723506354,-3.182835238515555,0.0014584057732238797,-0.003285488837556394,112035,112038,1.0,1.0,0.0,-0.09934154004237095,0.038693355185111494,-0.028462997964444917,0.056948539597762554,True
3,129830460,129830607,148,4,-0.050545449426168926,0.018347960090311033,-2.7548266497952736,0.005872323939028014,-0.0012985948211392065,86557,86560,1.0,1.0,0.0,-0.07570831534524873,0.024368223232036437,-0.046443715136400075,0.028059984389137673,True
5,1511271,1511473,203,3,0.05177326412005147,0.021356851675054522,2.4241992643758574,0.01534218462954846,0.00519767232488315,114075,114077,1.0,1.0,0.0,0.0846467933037189,0.026866389729180516,0.02232218700023226,0.03837228382932304,True
5,1882871,1882902,32,3,-0.07531041319812577,0.033805191547424486,-2.227776555931494,0.025895418957606706,-0.006933116181625813,114452,114454,1.0,1.0,0.0,-0.02568820066828787,0.04219206251723812,-0.09695022611835355,0.06050471925725818,True
5,16180033,16180055,23,3,-0.05156860324980365,0.016594586210693485,-3.1075558374919314,0.0018864134576114105,-0.014275778598924366,116187,116189,1.0,1.0,0.0,-0.05371167262045732,0.020171891274316036,-0.06343999567555464,0.035795463725846535,True
5,40841493,40841590,98,3,0.05919187521511294,0.021719622031784583,2.725271882194419,0.006424855657089848,0.013088383877450463,117677,117679,1.0,1.0,0.08,0.05743743848389156,0.02797865425672796,0.10344538255955847,0.04142921889086832,True
5,50679147,50679151,5,3,-0.05111930787901769,0.0327639308564933,-1.5602312220386902,0.11870524990229259,-3.41444033253238e-05,118256,118258,1.0,1.0,0.0,0.01764755931395204,0.034567034653184434,-0.059864094057256054,0.06593093812489963,False
3,98376390,98376574,185,4,-0.05044390563482866,0.021524209924923533,-2.3435891868169403,0.019099195314876655,-0.008994365232826412,82711,82714,1.0,1.0,0.02,-0.06218279235113946,0.027397837545433346,0.009366364473495143,0.03236819802634087,False
7,89748633,89748671,39,3,-0.05617585027388383,0.019184118960342146,-2.9282475984438925,0.0034087847174807976,-0.019968147026008166,179625,179627,1.0,1.0,0.04,-0.07600286102077636,0.02479227946877396,-0.004891807025377607,0.034943082137652834,True
7,96652222,96652375,154,3,0.05124416820490662,0.016296617533876245,3.144466518796548,0.0016638995007909286,-0.00011847366566792236,180618,180620,1.0,1.0,0.0,0.05937926128435516,0.01967907587363191,0.04319935636926368,0.03793026004219925,True
2,203036147,203036235,89,3,-0.06986221365068587,0.022023917856188124,-3.1721065301311264,0.0015133748131824498,-0.013213934819647282,64640,64642,1.0,1.0,0.0,-0.04640397192046606,0.028503556078328586,-0.009927130283451492,0.033377015548452994,True
7,117119601,117119637,37,3,-0.05533985517423084,0.02336975836827039,-2.3680114403479204,0.017883982885932712,-0.016541861629590076,184013,184015,1.0,1.0,0.0,-0.04758953497878186,0.02774709256525501,0.04828285700012978,0.03859407064820901,False
10,135050630,135050702,73,3,-0.10319868884465404,0.0341516299569127,-3.0217793111149995,0.002512936833280834,-0.007675707759076188,239834,239836,1.0,1.0,0.0,-0.12068619176618235,0.040865066061748584,0.04708530802075636,0.06333784121141765,False
11,637032,637038,7,3,-0.09904520331397976,0.03786525638042869,-2.6157277879986305,0.00890375095438754,-0.0037574395042464935,240862,240864,1.0,1.0,0.0,-0.04035217356336373,0.049829614532562565,-0.21740624554230528,0.05651736890952687,True
11,20690930,20690957,28,3,0.05842413983947024,0.0287098659466145,2.0349847661465548,0.041852405835108894,-0.0041827527821783695,246879,246881,1.0,1.0,0.0,0.0606238824507232,0.03794972946848127,0.1725113025289882,0.04183757662118271,True
11,43665775,43665970,196,3,0.05174385905501552,0.022331060868229936,2.3171249839111194,0.020496924406919245,0.022358790037561714,248651,248653,1.0,1.0,0.16,0.04789593795276428,0.02932683858987148,0.08737280976242646,0.03712886094732363,True
11,46366840,46367033,194,3,-0.05536593092685871,0.02504023009545289,-2.2110791600478437,0.02703035581356385,0.0007802944080139005,249436,249438,1.0,1.0,0.0,-0.0300922066521332,0.030049054368197072,0.0019608915506238852,0.04380377265543598,False
11,65314021,65314454,434,3,0.09975683346077693,0.044623106343674765,2.2355421133723303,0.02538178006376289,0.011045108209137258,253758,253760,1.0,1.0,0.0,0.12109309924343178,0.05952139567707156,0.015624331839836976,0.05652483994799165,True
11,111742315,111742365,51,3,0.05269479432846206,0.020295664890045778,2.5963571340945215,0.009421807837434123,0.014792129460692319,261294,261296,1.0,1.0,0.0,0.08597629961444242,0.02616307346401156,0.003885588124826382,0.03769613643843435,True
11,124735089,124735126,38,3,-0.06556876285012858,0.02173447485653743,-3.016809160696441,0.0025545057853219744,-0.002242558530417422,264059,264061,1.0,1.0,0.0,-0.08467709406451857,0.026719605631973148,0.029847683835821395,0.042967799010327434,False
12,19557320,19557343,24,3,0.057821057138240796,0.020478680633160294,2.823475700119739,0.0047506026985609275,0.021146627942391368,269874,269876,1.0,1.0,0.08,0.09149840425934933,0.025801418068996215,-0.05065989540983806,0.03608184405438784,False
12,31881951,31882089,139,3,0.06084081554948938,0.021084499450861355,2.885570781098333,0.003907045956885525,0.018641995956069444,271044,271046,1.0,1.0,0.0,0.021803856122019835,0.02327170975046249,0.10920868968572418,0.04890696655698609,True
12,52473422,52473462,41,3,-0.050339932990106175,0.027504202847097734,-1.8302632972116146,0.06721057682662433,0.014870360864218958,273703,273705,1.0,1.0,0.0,-0.06521456658987425,0.034047878993690855,0.025436742974116612,0.05231969064668182,False
12,54401665,54402443,779,3,0.0533299456678759,0.022444111489519882,2.3761219370514146,0.01749568005334931,0.001622829788129062,274678,274680,1.0,1.0,0.0,0.029848575070582355,0.027912662432277514,0.09106000509656215,0.041069675892944274,True
12,56040025,56040208,184,4,-0.06163160975598066,0.02901290542256229,-2.1242825859161276,0.033646520990081356,-2.8425451124340944e-05,275161,275164,1.0,1.0,0.04,-0.07630760990513706,0.036920139658507614,0.05402676681820691,0.049911715368376734,False
12,62586552,62586665,114,4,0.050889504768915496,0.01605242516481268,3.1702066352233538,0.0015233056706486843,0.009933380206544813,276657,276660,1.0,1.0,0.0,0.04268374445349876,0.01660221903175687,0.06609857248362662,0.033999748600868455,True
12,118809648,118810441,794,3,-0.058896819747966185,0.019786247532101734,-2.9766543480470675,0.0029141235389953356,-0.0009534439183510874,283149,283151,1.0,1.0,0.0,-0.09427043376302574,0.026638150284126288,0.006785660423037332,0.02737746382740193,False
2,139537824,139537845,22,3,-0.11163515211280428,0.03497028260415992,-3.19228624419308,0.0014115137567819638,0.0014306777736121977,59106,59108,1.0,1.0,0.0,-0.06495142941995449,0.03960889554766782,-0.019312842046192432,0.07501968076445845,True
12,127940323,127940654,332,3,-0.07156161717228104,0.023501460600244137,-3.044985943194426,0.002326911852173473,-0.004329220037470528,285593,285595,1.0,1.0,0.0,-0.10732564871567501,0.03006600563808174,0.05463586175814095,0.03616389743691293,False
10,128594141,128594417,277,3,-0.10602456828067093,0.0331787705554608,-3.1955544616532108,0.0013956244059164311,-0.038177632551022425,236866,236868,1.0,1.0,0.14,-0.048918027415247936,0.039363390817517635,-0.09509802559954332,0.059167244629826275,True
2,145090156,145090273,118,3,-0.051201607147764006,0.01966503299034343,-2.60368783377616,0.009222671573993207,-0.0039453121009531715,59258,59260,1.0,1.0,0.0,-0.08722290850370908,0.026320972293712566,0.04094590678700592,0.03202429208239832,False
7,143059260,143059591,332,3,-0.052742004904737516,0.02325708469816486,-2.267782294695741,0.0233424790654548,-0.02366449855373346,187277,187279,1.0,1.0,0.0,-0.06565761288696295,0.029831211744529598,-0.018729334878711455,0.04133504369932979,True
7,150020240,150020401,162,3,-0.07880723983467142,0.02624211514657495,-3.0030826171783307,0.002672598674878497,0.0015309707333079736,188026,188028,1.0,1.0,0.0,-0.08198119509767723,0.028618966568702452,0.02762725504435082,0.04601613947623384,False
7,153584582,153584609,28,3,-0.07959269612336584,0.02954103217336168,-2.694309923102068,0.007053454458288264,-0.013171131403117802,189102,189104,1.0,1.0,0.0,-0.039169105462856985,0.03514845409279201,-0.04325278621636527,0.05446077427009382,True
8,23564008,23564031,24,3,-0.06863242700800198,0.02520698751420894,-2.7227540367255125,0.006474023798613175,-0.004444662897648656,196298,196300,1.0,1.0,0.0,-0.027459687935711324,0.02775605348281364,-0.08758019761810201,0.04804787504537008,True
8,25898191,25898412,222,3,-0.06152413733345927,0.02648046376049984,-2.323378392837405,0.02015883382163687,-0.004061215565253609,196560,196562,1.0,1.0,0.0,-0.07960125735206414,0.034256130845094254,0.060817265287691366,0.04170047915300608,False
8,28748202,28748679,478,3,0.053379912355692595,0.019944919758044515,2.676366363126757,0.007442523981643405,-0.00044409099627701516,197139,197141,1.0,1.0,0.0,0.054784282436782884,0.026017577721150934,0.021162069237828086,0.033309939901950456,True
8,54163622,54164051,430,3,-0.07696098183496893,0.042673744784585396,-1.8034738273723931,0.07131383222570813,0.011581798724206184,199640,199642,1.0,1.0,0.0,-0.14354223830146454,0.05240185889215633,0.08263913867851486,0.06371470377142642,False
8,58907088,58907242,155,3,-0.06630078050091336,0.02668699665587885,-2.484385236594543,0.012977533084938592,-0.012126319926872449,200173,200175,1.0,1.0,0.0,-0.06561395315083768,0.035652209306988716,-0.05276923861473322,0.041344166222236245,True
8,81599484,81599569,86,3,0.05549141412587173,0.026956351170385986,2.058565485184587,0.039535881996909786,0.05549141412587173,202085,202087,1.0,1.0,0.44,0.030903464404477374,0.03271261505750692,0.09026303632316277,0.05347589151483575,True
8,144730494,144730562,69,3,0.0544860348235281,0.024871385446582683,2.19071168916384,0.028472662669530868,0.024908851007401287,208872,208874,1.0,1.0,0.2,0.08706141893953018,0.03186955320790984,0.016314402210077905,0.04715013527733536,True
10,1205595,1205673,79,4,-0.07274368042577546,0.022010339591171667,-3.3049776503654176,0.0009498397391905704,0.009883567164932003,219537,219540,1.0,1.0,0.0,-0.026167544268211874,0.02631944613916323,-0.20976484559996886,0.045630961474558994,True
10,28034669,28034816,148,4,-0.09176838691764055,0.03225199407594708,-2.845355443807416,0.004436188987904941,-0.014758423973381587,223412,223415,1.0,1.0,0.0,-0.12025630040924583,0.035155852753234046,0.07759804672246529,0.048489437699865495,False
10,73848764,73848823,60,3,-0.06817082128729687,0.025001532997892352,-2.7266656525839323,0.006397783002253117,-0.0029684947353014694,228082,228084,1.0,1.0,0.0,-0.07788432629706717,0.03131536965192686,-0.0070474452877929954,0.04743086211154131,True
10,95326291,95326313,23,3,-0.051911334013935335,0.023271109551497186,-2.2307201940268264,0.025699669127967752,0.004012985080231782,230998,231000,1.0,1.0,0.0,-0.05064137490252206,0.02934648882731877,0.018704548494379726,0.042992849238443605,False
10,108924366,108924560,195,4,-0.05028004443394388,0.026739214893371836,-1.880385966246428,0.0600554947707624,-0.007160646392791048,233993,233996,1.0,1.0,0.02,-0.09477317933537933,0.030049225519129488,0.19062641893662519,0.05882318196507027,False
22,42828411,42828418,8,3,0.052240889321819445,0.031204912607402,1.6741238784763517,0.09410625577603599,0.01841666371691247,420643,420645,1.0,1.0,0.02,0.09134530936478484,0.04167357527997708,0.03193759552854128,0.042581557033248764,True
1,3568210,3568245,36,5,-0.06341238997981788,0.033696072368478304,-1.881892621976273,0.05985059640268535,0.00395078596016738,3565,3569,1.0,1.0,0.0,-0.04388312290875052,0.04185365435792789,0.09574179270419349,0.05991579865047276,False
